DJXZrIi4k1Iyd1mQRwxIMg,corkage,open_24_hours,byob_corkage,corkage,open_24_hours,corkage,open_24_hours,byob_corkage,corkage,open_24_hours,corkage,open_24_hours,corkage,open_24_hours,corkage,open_24_hours,corkage,open_24_hours,corkage,open_24_hours,corkage,open_24_hours,corkage,open_24_hours,byob_corkage,corkage,open_24_hours,corkage,open_24_hours,corkage,open_24_hours,byob_corkage,corkage,open_24_hours,corkage,open_24_hours,corkage,open_24_hours,byob_corkage,corkage,open_24_hours,corkage,open_24_hours,byob_corkage,corkage,open_24_hours,corkage,open_24_hours,corkage,open_24_hours,byob_corkage,corkage,open_24_hours,corkage,open_24_hours,corkage,open_24_hours,corkage,open_24_hours,corkage,open_24_hours,corkage,open_24_hours,corkage,open_24_hours,corkage,open_24_hours,corkage,open_24_hours,corkage,open_24_hours,corkage,open_24_hours,corkage,open_24_hours,corkage,open_24_hours,corkage,open_24_hours,corkage,open_24_hours,corkage,open_24_hours,corkage,open_24_hours,corkage,open_24_hours,byob_corkage,corkage,open_24_hours,byob_corkage,corkage,open_24_hours
VFcx35QDd_kZgLT4UDV8xg,byob_corkage,best_nights,corkage,open_24_hours,byob_corkage,best_nights,coat_check,corkage,open_24_hours,best_nights,coat_check,corkage,open_24_hours,smoking,best_nights,corkage,open_24_hours,byob_corkage,best_nights,coat_check,corkage,open_24_hours,smoking,best_nights,corkage,open_24_hours,byob_corkage,best_nights,corkage,music,open_24_hours,byob_corkage,best_nights,corkage,open_24_hours,best_nights,corkage,open_24_hours
AL5YzikrmxwcBzBNLGO7Jw,open_24_hours,open_24_hours,open_24_hours,open_24_hours,open_24_hours,open_24_hours,open_24_hours,open_24_hours,open_24_hours,open_24_hours,open_24_hours,open_24_hours,open_24_hours,open_24_hours,open_24_hours,open_24_hours,open_24_hours,open_24_hours,open_24_hours,open_24_hours,open_24_hours,open_24_hours,open_24_hours,open_24_hours,open_24_hours,open_24_hours,open_24_hours,open_24_hours,open_24_hours,open_24_hours,music,open_24_hours,open_24_hours,open_24_hours,open_24_hours,open_24_hours,open_24_hours,open_24_hours
cFmranpzNq60YuAJDwCWVQ,open_24_hours,open_24_hours
16NS8EICI94IGdn-S0yxkw,byob_corkage,corkage,open_24_hours,corkage,open_24_hours,byob_corkage,corkage,open_24_hours,byob_corkage,corkage,open_24_hours,corkage,open_24_hours,byob_corkage,corkage,open_24_hours,corkage,open_24_hours,byob_corkage,corkage,open_24_hours,byob_corkage,corkage,open_24_hours,byob_corkage,best_nights,business_accepts_bitcoin,coat_check,corkage,dogs_allowed,good_for_dancing,happy_hour,music,open_24_hours,smoking,byob_corkage,corkage,open_24_hours,byob_corkage,corkage,open_24_hours,byob_corkage,corkage,open_24_hours,byob_corkage,corkage,open_24_hours,byob_corkage,corkage,open_24_hours,byob_corkage,corkage,open_24_hours,byob_corkage,corkage,open_24_hours,corkage,open_24_hours,byob_corkage,corkage,open_24_hours,byob_corkage,corkage,open_24_hours,byob_corkage,corkage,open_24_hours,byob_corkage,corkage,open_24_hours,byob_corkage,corkage,open_24_hours,corkage,open_24_hours,byob_corkage,corkage,open_24_hours,corkage,open_24_hours,corkage,open_24_hours,byob_corkage,corkage,open_24_hours,byob_corkage,corkage,open_24_hours,byob_corkage,corkage,open_24_hours,byob_corkage,corkage,open_24_hours,corkage,open_24_hours,byob_corkage,corkage,open_24_hours,byob_corkage,corkage,open_24_hours,byob_corkage,corkage,open_24_hours,corkage,open_24_hours,byob_corkage,corkage,open_24_hours,byob_corkage,corkage,open_24_hours,byob_corkage,corkage,open_24_hours,byob_corkage,corkage,open_24_hours,byob_corkage,corkage,open_24_hours,byob_corkage,corkage,open_24_hours,byob_corkage,corkage,open_24_hours
nRNWaEuPtfcyR8pI-LnASA,byob_corkage,best_nights,corkage,music,smoking,byob_corkage,corkage,open_24_hours,byob_corkage,corkage,music,byob_corkage,corkage,open_24_hours,byob_corkage,corkage,music,byob_corkage,corkage,byob_corkage,corkage,byob_corkage,best_nights,corkage,music,smoking,byob_corkage,best_nights,corkage,music,smoking,byob_corkage,corkage,open_24_hours,byob_corkage,corkage,open_24_hours,byob_corkage,corkage,byob_corkage,corkage,open_24_hours,byob_corkage,corkage,open_24_hours,byob_corkage,corkage,byob_corkage,corkage,byob_corkage,corkage,open_24_hours,byob_corkage,corkage,byob_corkage,best_nights,corkage,music,smoking,byob_corkage,corkage,open_24_hours,byob_corkage,best_nights,corkage,music,byob_corkage,corkage,music,byob_corkage,corkage,byob_corkage,corkage,open_24_hours,byob_corkage,corkage,open_24_hours,corkage,byob_corkage,best_nights,corkage,music,byob_corkage,best_nights,corkage,music,byob_corkage,best_nights,corkage,music,byob_corkage,corkage,open_24_hours,byob_corkage,corkage,byob_corkage,corkage,music,corkage,byob_corkage,corkage,byob_corkage,corkage,byob_corkage,corkage,byob_corkage,best_nights,corkage,music,byob_corkage,corkage,open_24_hours,byob_corkage,corkage,open_24_hours,byob_corkage,corkage,byob_corkage,corkage,open_24_hours,byob_corkage,corkage,open_24_hours
v5TTbYOaj4KewOtxQk48Jg,byob_corkage,corkage,open_24_hours,byob_corkage,corkage,open_24_hours,byob_corkage,corkage,byob_corkage,corkage,byob_corkage,corkage,open_24_hours,byob_corkage,corkage,byob_corkage,corkage,open_24_hours,byob_corkage,corkage,open_24_hours,byob_corkage,corkage,open_24_hours,byob_corkage,corkage,open_24_hours,byob_corkage,corkage,open_24_hours,byob_corkage,corkage,open_24_hours,byob_corkage,corkage,open_24_hours,byob_corkage,corkage,open_24_hours,byob_corkage,corkage,open_24_hours,byob_corkage,corkage,open_24_hours,byob_corkage,corkage,open_24_hours,byob_corkage,corkage,open_24_hours,byob_corkage,corkage,open_24_hours,byob_corkage,corkage,byob_corkage,corkage,open_24_hours,byob_corkage,corkage,open_24_hours,byob_corkage,corkage,open_24_hours,byob_corkage,corkage,open_24_hours,byob_corkage,corkage,open_24_hours,byob_corkage,corkage,open_24_hours,byob_corkage,corkage,open_24_hours,byob_corkage,corkage,open_24_hours,byob_corkage,corkage,byob_corkage,corkage,open_24_hours,byob_corkage,corkage,byob_corkage,corkage,open_24_hours,byob_corkage,corkage,open_24_hours,byob_corkage,corkage,open_24_hours,byob_corkage,corkage,open_24_hours
IcnJlauqhHfelo_qp9uKuw,byob_corkage,best_nights,corkage,music,open_24_hours
NUqNfkbCIPL42JAZVrr3QQ,byob_corkage,corkage,music,best_nights,coat_check,corkage,good_for_dancing,music,smoking,byob_corkage,corkage,music,smoking,best_nights,coat_check,corkage,good_for_dancing,music,open_24_hours,byob_corkage,coat_check,corkage,music,smoking,corkage,open_24_hours,corkage,open_24_hours,best_nights,coat_check,corkage,open_24_hours,best_nights,coat_check,corkage,good_for_dancing,music,open_24_hours,smoking,corkage,open_24_hours,byob_corkage,corkage,music,smoking,corkage,open_24_hours,byob_corkage,corkage,open_24_hours,corkage,open_24_hours,corkage,open_24_hours,corkage,open_24_hours,corkage,open_24_hours,corkage,open_24_hours,corkage,open_24_hours,corkage,open_24_hours,corkage,open_24_hours,byob_corkage,corkage,music,byob_corkage,corkage,music,corkage,open_24_hours,corkage,open_24_hours,corkage,open_24_hours,corkage,open_24_hours,corkage,open_24_hours,corkage,open_24_hours
pXWgt_1E3ZNvnmKrAsqzSg,byob_corkage,corkage,open_24_hours,byob_corkage,corkage,open_24_hours,byob_corkage,corkage,open_24_hours,byob_corkage,corkage,open_24_hours,byob_corkage,corkage,open_24_hours,byob_corkage,corkage,open_24_hours
H7liERB1ZJbaIDVcuK16oA,byob_corkage,corkage,open_24_hours,byob_corkage,corkage,open_24_hours,byob_corkage,corkage,open_24_hours,byob_corkage,corkage,open_24_hours,byob_corkage,corkage,open_24_hours,byob_corkage,corkage,open_24_hours,byob_corkage,corkage,open_24_hours,byob_corkage,corkage,open_24_hours,byob_corkage,corkage,open_24_hours,byob_corkage,best_nights,business_accepts_bitcoin,coat_check,corkage,dogs_allowed,good_for_dancing,music,open_24_hours,smoking,byob_corkage,corkage,open_24_hours,byob_corkage,corkage,open_24_hours,byob_corkage,corkage,open_24_hours,byob_corkage,corkage,open_24_hours,byob_corkage,corkage,open_24_hours,byob_corkage,corkage,open_24_hours,corkage,open_24_hours,byob_corkage,corkage,open_24_hours,byob_corkage,corkage,open_24_hours,byob_corkage,corkage,open_24_hours,byob_corkage,corkage,open_24_hours,byob_corkage,corkage,open_24_hours,byob_corkage,corkage,open_24_hours
t6ZIBNrQjvtwor8W-u3sUg,byob_corkage,best_nights,coat_check,corkage,open_24_hours,byob_corkage,best_nights,coat_check,corkage,open_24_hours,best_nights,business_accepts_bitcoin,coat_check,good_for_dancing,happy_hour,music,open_24_hours,byob_corkage,best_nights,coat_check,corkage,drive_thru,good_for_dancing,happy_hour,music,open_24_hours,byob_corkage,best_nights,coat_check,corkage,drive_thru,good_for_dancing,happy_hour,music,open_24_hours,byob_corkage,best_nights,coat_check,corkage,good_for_dancing,music,open_24_hours,best_nights,business_accepts_bitcoin,coat_check
rquarcYSOS9PIstXZAP_kA,byob_corkage,corkage,open_24_hours,corkage,open_24_hours,byob_corkage,corkage,open_24_hours,corkage,open_24_hours,open_24_hours,byob_corkage,corkage,open_24_hours,corkage,open_24_hours,byob_corkage,corkage,open_24_hours,byob_corkage,corkage,open_24_hours,byob_corkage,corkage,open_24_hours,corkage,open_24_hours,byob_corkage,corkage,open_24_hours,byob_corkage,corkage,open_24_hours,byob_corkage,corkage,open_24_hours,corkage,open_24_hours,byob_corkage,corkage,open_24_hours,byob_corkage,corkage,open_24_hours,corkage,open_24_hours,corkage,open_24_hours,byob_corkage,corkage,open_24_hours,byob_corkage,corkage,open_24_hours,corkage,open_24_hours,byob_corkage,corkage,open_24_hours,byob_corkage,corkage,open_24_hours,byob_corkage,corkage,open_24_hours,corkage,open_24_hours,corkage,open_24_hours,corkage,open_24_hours,byob_corkage,corkage,open_24_hours,open_24_hours,byob_corkage,corkage,open_24_hours,corkage,open_24_hours,corkage,open_24_hours,byob_corkage,corkage,open_24_hours,byob_corkage,corkage,open_24_hours
y7Js-07RF8d3N_AEtaw2VQ,music,open_24_hours,music
5PP6BwtNYlPARHApB9lzcQ,open_24_hours,byob_corkage,corkage,drive_thru,open_24_hours
CVt6kBVBABSq-NA_FZfrVw,coat_check,happy_hour,music,open_24_hours,coat_check,happy_hour,music,open_24_hours,dogs_allowed,open_24_hours,best_nights,business_accepts_bitcoin,coat_check,good_for_dancing,happy_hour,music,open_24_hours,smoking,byob_corkage,coat_check,corkage,drive_thru,happy_hour,music,open_24_hours,coat_check,music,open_24_hours,coat_check,happy_hour,music,open_24_hours,coat_check,happy_hour,music,open_24_hours,byob_corkage,coat_check,corkage,drive_thru,happy_hour,music,open_24_hours,smoking,byob_corkage,best_nights,coat_check,corkage,drive_thru,good_for_dancing,happy_hour,music,open_24_hours,smoking,byob_corkage,best_nights,coat_check,corkage,drive_thru,good_for_dancing,happy_hour,music,open_24_hours
YrHVGQ8_Dcs5xCe78CvGmA,byob_corkage,corkage,open_24_hours,byob_corkage,corkage,open_24_hours,byob_corkage,corkage,open_24_hours,byob_corkage,corkage,open_24_hours,byob_corkage,corkage,open_24_hours,byob_corkage,corkage,open_24_hours,byob_corkage,corkage,open_24_hours,byob_corkage,corkage,open_24_hours,byob_corkage,corkage,open_24_hours,byob_corkage,corkage,open_24_hours,byob_corkage,corkage,byob_corkage,corkage,open_24_hours,byob_corkage,corkage,byob_corkage,corkage,open_24_hours,byob_corkage,corkage,open_24_hours,byob_corkage,corkage,byob_corkage,corkage,open_24_hours,byob_corkage,corkage,byob_corkage,corkage,open_24_hours,byob_corkage,corkage,open_24_hours,byob_corkage,corkage,open_24_hours,byob_corkage,corkage,byob_corkage,best_nights,coat_check,corkage,good_for_dancing,music,smoking
pdgzBiQBs8HGUBJzXe9j6w,byob_corkage,best_nights,coat_check,corkage,good_for_dancing,happy_hour,music,smoking,byob_corkage,corkage,music,smoking,byob_corkage,best_nights,corkage,music,smoking,byob_corkage,best_nights,corkage,music,smoking,byob_corkage,best_nights,corkage,music,smoking,byob_corkage,best_nights,corkage,music,byob_corkage,corkage,byob_corkage,best_nights,corkage,music,smoking,byob_corkage,corkage,byob_corkage,best_nights,corkage,music,smoking,byob_corkage,best_nights,corkage,music,smoking,byob_corkage,best_nights,corkage,music,best_nights,music,byob_corkage,best_nights,corkage,music,byob_corkage,best_nights,corkage,music,smoking,byob_corkage,corkage,music,smoking,byob_corkage,business_accepts_bitcoin,corkage,dogs_allowed,byob_corkage,best_nights,corkage,music,smoking,byob_corkage,corkage
9qcTpWYxrZrN13p1zAP6dA,byob_corkage,best_nights,corkage,open_24_hours,best_nights,coat_check,corkage,open_24_hours,byob_corkage,best_nights,coat_check,corkage,good_for_dancing,music,open_24_hours
AxeQEz3-s9_1TyIo-G7UQw,byob_corkage,best_nights,corkage,music,smoking,byob_corkage,best_nights,coat_check,corkage,good_for_dancing,happy_hour,music,open_24_hours,smoking
agGJSdMTRrkA6VrYMbC-SQ,open_24_hours,open_24_hours
w7_1xM_WNf8nh2w-tzfAyQ,open_24_hours,byob_corkage,corkage,open_24_hours,open_24_hours,open_24_hours,open_24_hours,open_24_hours,open_24_hours,byob_corkage,corkage,open_24_hours,open_24_hours,byob_corkage,corkage,open_24_hours,byob_corkage,corkage,open_24_hours,open_24_hours,open_24_hours,open_24_hours,open_24_hours,corkage,open_24_hours
NnoJ7MBgV_F-bv7FA_X_BA,open_24_hours
suQugTjSMYMIrK5fAabC_Q,byob_corkage,corkage,music,open_24_hours,byob_corkage,corkage,music,open_24_hours,byob_corkage,best_nights,corkage,music,open_24_hours,byob_corkage,corkage,music,open_24_hours,byob_corkage,corkage,music,open_24_hours
9tLCuUmw3Tlco-tKPGkIWQ,byob_corkage,corkage,music,open_24_hours,open_24_hours,best_nights,music,open_24_hours,music,open_24_hours,music,open_24_hours,best_nights,coat_check,good_for_dancing,music,open_24_hours,best_nights,coat_check,happy_hour,music,open_24_hours,smoking,music,open_24_hours,open_24_hours,open_24_hours,best_nights,business_accepts_bitcoin,coat_check,good_for_dancing,music,open_24_hours,smoking,open_24_hours,open_24_hours
FqXwm6UpihHY7Ha-pr4y6Q,open_24_hours,open_24_hours,best_nights,coat_check,good_for_dancing,music,best_nights,coat_check,good_for_dancing,music,best_nights,coat_check,good_for_dancing,music,best_nights,coat_check,good_for_dancing,music,open_24_hours,best_nights,coat_check,good_for_dancing,music
KJ6DuC0Jve9hAtzM2SGNOQ,byob_corkage,corkage,byob_corkage,corkage,music,byob_corkage,corkage,music,smoking,byob_corkage,corkage,music,open_24_hours,byob_corkage,corkage,dogs_allowed,music,smoking,byob_corkage,corkage,music,smoking,byob_corkage,corkage,music,smoking,byob_corkage,corkage,music,smoking,byob_corkage,corkage,dogs_allowed,music,byob_corkage,corkage,music,smoking
FykLjv4tIq618q8F2pvTKg,best_nights,coat_check,corkage,good_for_dancing,music,open_24_hours,music,open_24_hours,open_24_hours,open_24_hours,best_nights,coat_check,corkage,good_for_dancing,happy_hour,music,open_24_hours
m51uL1LZhKYf2y_yG4NEng,byob_corkage,best_nights,coat_check,corkage,good_for_dancing,happy_hour,music,open_24_hours
KBKE7XTLLe2uUqmzuYUyHQ,byob_corkage,best_nights,corkage,good_for_dancing,music,open_24_hours,corkage,open_24_hours,byob_corkage,corkage,open_24_hours
9ehTNgvu0vZgHjWkQqF6KQ,open_24_hours,open_24_hours,byob_corkage,corkage,open_24_hours,byob_corkage,corkage,open_24_hours,byob_corkage,coat_check,corkage,good_for_dancing,music,open_24_hours,open_24_hours,open_24_hours,open_24_hours,open_24_hours,byob_corkage,corkage,good_for_dancing,music,open_24_hours,open_24_hours,open_24_hours,byob_corkage,corkage,open_24_hours,byob_corkage,corkage,open_24_hours
ye62ltisuIosDq5F_6V25w,byob_corkage,best_nights,business_accepts_bitcoin,coat_check,corkage,drive_thru,good_for_dancing,music,open_24_hours,smoking,byob_corkage,best_nights,coat_check,corkage,good_for_dancing,music,open_24_hours,byob_corkage,best_nights,business_accepts_bitcoin,coat_check,corkage,dogs_allowed,drive_thru,good_for_dancing,music,open_24_hours
yLiaMaJFq03JxXPk4puloQ,byob_corkage,corkage,byob_corkage,business_accepts_bitcoin,corkage,dogs_allowed,byob_corkage,corkage,open_24_hours,byob_corkage,corkage,open_24_hours
xwoM2Zc38DFKv3-8dCU8Pw,byob_corkage,corkage,open_24_hours
tP4bAKEDz8aigXVisQYzog,byob_corkage,corkage,open_24_hours,byob_corkage,corkage,open_24_hours,byob_corkage,corkage,open_24_hours,byob_corkage,corkage,open_24_hours
4EfiNcKSsafogIhAjwv0gg,open_24_hours
a3jFGgoWbPkPGENEafiXwg,open_24_hours,open_24_hours,open_24_hours
XhgFynFD7ZT77wofWpeOag,byob_corkage,corkage,open_24_hours
bcJmbFHVAkLFqhJbUTdbyQ,byob_corkage,best_nights,coat_check,corkage,good_for_dancing,happy_hour,music,open_24_hours
w4QcDDG4mYyCg48BYE_Frg,open_24_hours,open_24_hours,open_24_hours
6uV3KMOo8YQofuNUs4D9pA,byob_corkage,corkage,open_24_hours,open_24_hours,best_nights,coat_check,music,open_24_hours
yYwTV3c9Q3S1UDdpDhjgTg,open_24_hours
TkrydveE1Laf_LHoKFALNw,byob_corkage,best_nights,corkage,music,smoking
CgnHLwWbteqb8qxcZgBLyw,byob_corkage,best_nights,coat_check,corkage
KhYA1VGwy1naIiIAvPfolw,byob_corkage,best_nights,business_accepts_bitcoin,coat_check,corkage,dogs_allowed,drive_thru,good_for_dancing,music,open_24_hours
r8WvwxtzK2QAMAciMANz6w,corkage,open_24_hours
T67VqyRbY8zF3C4KZNQnyg,byob_corkage,corkage,open_24_hours
4vwhK3Uxlp2gBtQuP78NOA,byob_corkage,corkage
8OaXvfag7E7oznV4rVb7vg,coat_check,happy_hour,music,open_24_hours,smoking
