89104,kJ_Rke1dt9zpbJp9lX6sXw,CiYLq33nAyghFkUR15pP-Q,4VXIS8vpNzEysXZVN5xGDA,DX690eOaqO7CK2Qr6__rMQ,i5vy3X8WBjQ-F7P8HqC7KA,lmNpuLiA6Jtn3lL2Ec43Qw,QteBKpZTRa2dJ3u7MLiXww,ROZCc1XMuAJpyhvTxotQ6w,D1J0-sFI1ul-9l3CwjvvwA,AxeQEz3-s9_1TyIo-G7UQw
89148,6bgjcFOy4WHMyw62_1V9Pw,6HdzmAatFoB8UDep4n9QIw,Zmfq3DVhHdtVChhSxzoUHw,nMaIIKEAW2cTEWbEyeFyXQ,eTUDAJdOHBwKa2yaD_jB6Q
89103,4L3VJwVqUareUUIGPE2zcw,VrGI7_nRjXpn0415S3coGQ,PQER4ba8Q0zqB1G2QiXamQ,EkOqxlglUpw9YUdnTbbJKg,3ZHyw0d8mk0HOEP7v4fW1A,YnrJNjZsLIhvldYHtkxKrA,dVhGY-mNwTWQzK01Zxuclw,5gv6AqHXfi3gJV4fb432Vw,c2l80imPWR8V6gIEM02XPg,OFNXLfKbnsh7zV6Iu3EbyA,OHFH6ALQqq35NiEbD1eXuw,0K4tCSMV6BqFxOsgZFqfVw,m51uL1LZhKYf2y_yG4NEng,lOQPeguczAueJnLmDUTfGg,2Y0-nrSZNsLRStyupZgM7g,9r6ijZgxDLJFysxIohtTcQ,CgnHLwWbteqb8qxcZgBLyw,KdQM64AQ5_ppgs6RolwJ4w,TkrydveE1Laf_LHoKFALNw,FqXwm6UpihHY7Ha-pr4y6Q
89121,ten1jIj2JOoQMrl1yCmxFg,VpFUraD3fuFY9qCcvgMntA,zfNKdsuT7bWWN-f3v5Rj_g,JcWzvvDWh4RY04tvm1LQzA,QqrmTtv2OXWFRlqRCG4FRA,HKSyA7YZplj9i_vIdtwyzg,fg_KGtLwAw2IpXin0KdAZA,Wpt0sFHcPtV5MO9He7yMKQ,V6u7__4jbEDOgWR8K6qUSw
89102,Qc0l8rZ3nvrcERitgxu8XA,DVfCbJhJUDWRlUfrKzaKOA,j5nPiTwWEFr-VsePew7Sjg,dYZqJ2S1ND9KghLIKJg71g,LZSyWy4IHgXg6QhW2jrBlw,M990h0-4g-wpJN-qlnqFAg,oYWixgv1kiPV1j02TYzaPA,07gh-AImcEcWQ2bew-jprg,R7LyTeiOHLyTNkA8HssBRQ,5Lcit9Zt6TF9bmKoFMhF0g,UNI1agsPX2k3eJSJVB91nw,p3YqOYELqXtLyHz9T49p_w,IRH3mIW2q6J2CR5EoCQ5iA,T6mV9V8sfyW3Wj5tsKgabw,wwgH65yjLssksjz8ASU3QA,Os1n1_idfw9vv9kwULGJnQ,n_K2xa_nqzUqaUJa0S_5tQ
89119,p9WVPQVhVzbBh_KEWJ21Ug,yGCrsq0AYI8WN7goMVLHJA,TSNvD7vyrknurZ8H05iyVQ,k1l25o628GYC9BrnRzv1Tw,Ub8goFppwZkOGTpfoWF4JA,1M1A-s6BbnzK3eURw01rZQ,nTc-Qj_-ABZrpM9YSpJ6jA,OzcvQqt_copeLRCT2OHrfA,5o7Fx7Iot-gLKVNegLLw-w,ZDvS8DtnkYa8jY703MflEw,cbgIpJwmPVI6Zf7nUIXdFw,TUfb2lH2nwKqu_IyM8wA-A,ye62ltisuIosDq5F_6V25w,tpCALADHTuBaCJNgAluj2w,suQugTjSMYMIrK5fAabC_Q
89129,ujBk7cdEvo5FkD1e0Gzq1Q,a3vug2R5PvBCmzr6KU5RnA,UGy0QULAPPRcOUJQSiRmGQ,t4bBKVXbr8bIN9nEJIobYg,eRjcli4nDHRwhByViUz9Ow,zCuFlGmDGFyj3ytMfmnXEw
89110,B-4jb44K_qPdQUB_69gZGQ,Wo_ZL7I3hS-eW6pJWg1V8A,oJujreJoOoskuA09JJ39FQ,eJECvXFIUnfcDE6PzKS2Yw,LA9KIu-g3VaoFQsYHL2yRA,KJ6DuC0Jve9hAtzM2SGNOQ
89183,Yn-8zix5_blucvZo3G8kPw,THadh2gExZ0AxzcLJbJf9g,DZN44_XFktITlIUec4H69w,oXozyDYGP0GhwBxVIP-NZg,CR2DMfg3uP02PKT_fuygIw
89120,0xtBEP5zCu1153SoqqemLw,UANNbspNsQEFUay5nALZYw,9qcTpWYxrZrN13p1zAP6dA
89131,vwfdoACBrXFTMA066gKEcQ,rVi34tu0bITsoxMMT9QhUw,OYHpqY6-3C-wXR-uPbHhwA
89101,T5UBAJt5Kod_wQGbH6m9hA,crGdKSRKi25R2vorZ7skzg,FvC3W9E6rXUYx-cTxbnUiA,jgtEoeE2uoA27J_UvbE20g,mwERWE8IqgcmPHg3cpCfNA,VA0GbpAN0qpa3bdHJ2a2iA,a3jFGgoWbPkPGENEafiXwg,y7Js-07RF8d3N_AEtaw2VQ
89147,QAXFkN4iDiC1HUrkOiAAKA,dblGQtHAzNy1ACis1m2shw,ZgPnRzWjQR5NtiauGBww7g,r-KT6NlBbfxR_L3t98qiDQ,qKn9nynsVYIST8rf6tEFRQ,N6MzDoao6s68nAIW8vS9dQ,0QHOkwMc74T35Br83SDizA,r8Jr-7YfkhJL2nxk9lxUNg,yU34swtpTS8-SMjeLIEFcQ,KhYA1VGwy1naIiIAvPfolw,i53HvxUdQEMllZ1XmpjjyA
89128,rMVi-Vn_mN_X9J1ZSl1lWA,bcpCJ7q9_HXO53eaeuIZrw,EomaPrsFLVSe9TLRtpevwA,WSGHEQdcdbBWXDpna99EiQ,6-lmL3sC-axuh8y1SPSiqg,5T0h9YCsXiDZyBsVIN9gcg,l4qomOr-2ZDOjWXSZXpzZg,gVc000GZA5Z4QbFIsXl5OQ
89117,VNOz_tOw_Hz3FAJeEHb_yg,eqRYda9F_4ziinRW-N6ixw,RhV7sraRUB3km-gF-tmDow,D74O-i-iEWo-e5BpwFMcUA,qsJkjQoM3Hdg6Gtqp2S9_w,zBD6zc8YU-TA0_KJmN1tpA,3FlWR_osNPb8dcqLgHebHw,24f5ie972m_bYpirVW-dZA,gqqHdBJqOVHDMy3jAdSkmw,w0ArxcJ0XsyK1ZwrIf3gpA,SgSVJWgMwFteYyz4OlHu9Q,APkr8bzYE0xiePqmAqPzYg,A0X1baHPgw9IiBRivu0G9g,7UtqNjjd9D6oU7UcT2nxig,C1jQ5CbszJkS_cyWgaRVGQ,SaL2YDKT96zHqxlaq7mJbw,yYwTV3c9Q3S1UDdpDhjgTg,JbopSXzZIy7id23GJsO9pA,PSRZaGGxXmOmabL2si8pKw,jb_QTeYTSS642UafKRFs2Q,w4QcDDG4mYyCg48BYE_Frg,CVt6kBVBABSq-NA_FZfrVw
89123,YavRvjbLsvh4DYDJPAfJIA,BYKdkOGUGDsuYV9XW4_RGA,4uMs5UbtIAaHhuKQlQhXEQ,ZBPwZv0QFWF9QGyR7LbIsA,zt9RLUIU32fZYOBh2L0NNQ,4cDWyZa6EqsY4XSWwLY7RA,QpOAv584eb-ecG4TLEm95g,b0WztBYRaswkUARxLQ1aKg,XjsCGzq5P1pCiAHotA9HCw,nOkSC1GtMUJ_I70sb0SaeQ,7sPNbCx7vGAaH7SbNPZ6oA
89146,NkuLKJJE_KxcxKs8Kj8thQ,vsGqvLu4OlL2GDmPWSVx_w,wqFkAsxYPA5tcdSkYMtrrw,M30I1NPl5JuHthxo1IXPGg,UPIYuRaZvknINOd1w8kqRQ,CVECSCW-7zDzjpIPxsew4g,B3omTXI--0eiBC7nCv_WXg,Oyo5CWthu2upxxaf69MfIg,kosTPb88O4Q0XGbVbEOGCA,1ZnVfS-qP19upP_fwOhZsA,NUqNfkbCIPL42JAZVrr3QQ,v5TTbYOaj4KewOtxQk48Jg
89106,FCP5hYaTtn6dkpmZ_NTvEw,QCe_OTC_9Vf5-oQuflQH7Q,gOOc6MDdhw7fV0Tf30mfAQ,wD7Qg9eounsAtUZjlMZOuA,nRNWaEuPtfcyR8pI-LnASA
89145,Qc-bULSBAyVh_qaKRWkF9A,Lt_ytMJKMQ3lpBDYaANreA,rx1AEnleVRWMNz6vB-YhfQ,pdgzBiQBs8HGUBJzXe9j6w
89130,KTDDw1gAV4G_YoKOdQ1Ygw,OwL4BM7GchsxBXxWrkmmqw,f5sSn5cO4t6mF_mdnzKkyA,qhbUNmiGKmw343Fj7qlEsQ,r7UZDbth0NtbZDJKq1-JyQ,pCVQq3jzfrT2CNHAIMMy0g,Pg08gKwJApGWoHtnq3aWqw,bAdwf-n52f46-ZjlfJ1Hwg
89113,_8yxceldCT7oe0wJC-yDPA,vRFYqRz5F41ici5IOO2_pg,hIUKufhwR6Ifn7bi0-phLA,uW6UHfONAmm8QttPkbMewQ
89109,Hg3pn4JwDD0Mm_Hxr-at2w,iRFaq249LVEFGeXLzPULnQ,Nsi49BE_XsjJ0oOXwhH8hA
89115,tX2UUyP3WCCsfqWGQcMBkA,Y3mYtN9A_BPiz3DHX8868A,7NvIgf7XW55OKa5ZU7gw8Q,h0MNaniQdLa3ZGmXh9DDeQ
89118,tVW7pefO8xIgWMF86oVhKQ,rI1wtjri4NhO3V-hCsMCiA,G8LBVca1vOBKYeMCMpajGA,tXqaK0lBEE1XJbzDPsdFvg,2HxaDXZmAOH6LiuzGgNdPA,JyxHvtj-syke7m9rbza7mA,JhQvfo_WfX10TG9_7VO14g,ixAh9crILnJ9tM8LhWFhkw,g9IeZKQl0TamGI8772vYAQ,yRk8ezAFV59HDHsuHiiU6Q
89139,h5qBxa_L-pIdNSOBQxTNGQ,XBIaV-NJ-OxyAd_rsiBr2A,oQwadWTYQWahuj9N-68yPA,atVh8viqTj-sqDJ35tAYVg,9V9RlgqqnPFQJfF_e9Lnmw,N0l-6kdgRXEskiGw3ab05A,S6V63OzrCaj22BQJeKBDCw,cFmranpzNq60YuAJDwCWVQ
89169,txeee1LquHOaroqXodi4UQ,8945PbOxSjb6hwHdVWWUIw,4vwhK3Uxlp2gBtQuP78NOA,H2Chxto2e6dHTDJ8-s3-pQ,VFcx35QDd_kZgLT4UDV8xg,r8WvwxtzK2QAMAciMANz6w
89030,bU9RYLrF77bxO2pSA0Ba7Q
89122,MXC9pwIxovWUc9yu1F8OxA,QIn3PuGUkinSibUn-NsljQ,5fpXjlC71y_mKORnPdX5zA,o4GOd5mOs0AwvHgKb9o-Dw
89135,8L_eeOwZryvlUEO42Zq8nQ,1i9T1uoG_J3aRfprALvNGQ
89014,hPtLBHnfTjIefcnwZh48jA
89032,izvmwI3kSYIt-a6vA4gUMw
89108,ygW1BY7co1ioTKmeWzJt-Q,RZGxU6bCoqgbi7xVB_UckQ,fDpiXePaeKqbOfoxXxUKyw,HBjjGbfBvZ1FU1AaUWyJYQ,ucv_SCACwuW4wEOudO_xyg,I5TnTKHzJuLA0YLZPGCNwQ,fpM-O9Ul62xizBq9YNO_tQ,t6ZIBNrQjvtwor8W-u3sUg
89134,MQiNywdecInMlkW06WYaCg,qsdHK1eQtXmAJNdVJxiC3w,gBQH64vIkA-kIDFGM290dw
89141,Asy49gKgikq_NkYsC_7c0Q,uiHyP1uOAzOPkOmnWhnW0A,_kdpjoGrIzA64E6aXHA66w
89107,dFmaYj3_cZpmEaL4WSOkPg,JTknlKD6bviJZLngdpbydw
89178,yie1IIw2dlfy5n6ywvHUvw,xTlmLL2xZZ0xhZ2J16zXQQ
89143,b7Y4dIggAacPum1tF3NpKg
89156,pmsGwCJoMjtj-wwP78PIWQ
89124,XhgFynFD7ZT77wofWpeOag
89149,Tq032toLj_WQY3e7P3aQ8A,9tLCuUmw3Tlco-tKPGkIWQ
89142,8OaXvfag7E7oznV4rVb7vg
